<?xml version="1.0" encoding="UTF-8"?><?xml-stylesheet type='text/xsl' href='_UpgradeReport_Files/UpgradeReport.xslt'?><UpgradeLog>
<Properties><Property Name="Solution" Value="Vize">
</Property><Property Name="Archivo de la solución" Value="C:\Datos\Max®\Software\Packs de Transformacion\Se7en\7ize\Vize.sln">
</Property><Property Name="Archivo de opciones de usuario" Value="C:\Datos\Max®\Software\Packs de Transformacion\Se7en\7ize\Vize.suo">
</Property><Property Name="Date" Value="martes, 01 de marzo de 2011">
</Property><Property Name="Time" Value="13:39 p.m.">
</Property></Properties><Event ErrorLevel="0" Project="" Source="Vize.sln" Description="La copia C:\Datos\Max®\Software\Packs de Transformacion\Se7en\7ize2008\Backup\Vize.sln del archivo se ha realizado correctamente">
</Event><Event ErrorLevel="0" Project="" Source="Vize.suo" Description="La copia C:\Datos\Max®\Software\Packs de Transformacion\Se7en\7ize2008\Backup\Vize.suo del archivo se ha realizado correctamente">
</Event><Event ErrorLevel="0" Project="Vize" Source="Vize\Vize.csproj" Description="Se realizó correctamente la copia de seguridad del archivo de proyecto C:\Datos\Max®\Software\Packs de Transformacion\Se7en\7ize2008\Backup\Vize\Vize.csproj">
</Event><Event ErrorLevel="0" Project="Vize" Source="Vize\Vize.csproj.user" Description="La copia de seguridad C:\Datos\Max®\Software\Packs de Transformacion\Se7en\7ize2008\Backup\Vize\Vize.csproj.user del archivo se ha creado correctamente">
</Event><Event ErrorLevel="0" Project="Vize" Source="Vize\FileInformation.cs" Description="Se realizó correctamente la copia de seguridad del archivo C:\Datos\Max®\Software\Packs de Transformacion\Se7en\7ize2008\Backup\Vize\FileInformation.cs">
</Event><Event ErrorLevel="0" Project="Vize" Source="Vize\MainApp.cs" Description="Se realizó correctamente la copia de seguridad del archivo C:\Datos\Max®\Software\Packs de Transformacion\Se7en\7ize2008\Backup\Vize\MainApp.cs">
</Event><Event ErrorLevel="0" Project="Vize" Source="Vize\MainApp.Designer.cs" Description="Se realizó correctamente la copia de seguridad del archivo C:\Datos\Max®\Software\Packs de Transformacion\Se7en\7ize2008\Backup\Vize\MainApp.Designer.cs">
</Event><Event ErrorLevel="0" Project="Vize" Source="Vize\Pages\PageAbout.cs" Description="Se realizó correctamente la copia de seguridad del archivo C:\Datos\Max®\Software\Packs de Transformacion\Se7en\7ize2008\Backup\Vize\Pages\PageAbout.cs">
</Event><Event ErrorLevel="0" Project="Vize" Source="Vize\Pages\PageAbout.Designer.cs" Description="Se realizó correctamente la copia de seguridad del archivo C:\Datos\Max®\Software\Packs de Transformacion\Se7en\7ize2008\Backup\Vize\Pages\PageAbout.Designer.cs">
</Event><Event ErrorLevel="0" Project="Vize" Source="Vize\Pages\PageHome.cs" Description="Se realizó correctamente la copia de seguridad del archivo C:\Datos\Max®\Software\Packs de Transformacion\Se7en\7ize2008\Backup\Vize\Pages\PageHome.cs">
</Event><Event ErrorLevel="0" Project="Vize" Source="Vize\Pages\PageHome.Designer.cs" Description="Se realizó correctamente la copia de seguridad del archivo C:\Datos\Max®\Software\Packs de Transformacion\Se7en\7ize2008\Backup\Vize\Pages\PageHome.Designer.cs">
</Event><Event ErrorLevel="0" Project="Vize" Source="Vize\Pages\PageOptions.cs" Description="Se realizó correctamente la copia de seguridad del archivo C:\Datos\Max®\Software\Packs de Transformacion\Se7en\7ize2008\Backup\Vize\Pages\PageOptions.cs">
</Event><Event ErrorLevel="0" Project="Vize" Source="Vize\Pages\PageOptions.Designer.cs" Description="Se realizó correctamente la copia de seguridad del archivo C:\Datos\Max®\Software\Packs de Transformacion\Se7en\7ize2008\Backup\Vize\Pages\PageOptions.Designer.cs">
</Event><Event ErrorLevel="0" Project="Vize" Source="Vize\Pages\PageReloader.cs" Description="Se realizó correctamente la copia de seguridad del archivo C:\Datos\Max®\Software\Packs de Transformacion\Se7en\7ize2008\Backup\Vize\Pages\PageReloader.cs">
</Event><Event ErrorLevel="0" Project="Vize" Source="Vize\Pages\PageReloader.Designer.cs" Description="Se realizó correctamente la copia de seguridad del archivo C:\Datos\Max®\Software\Packs de Transformacion\Se7en\7ize2008\Backup\Vize\Pages\PageReloader.Designer.cs">
</Event><Event ErrorLevel="0" Project="Vize" Source="Vize\Pages\PageRestore.cs" Description="Se realizó correctamente la copia de seguridad del archivo C:\Datos\Max®\Software\Packs de Transformacion\Se7en\7ize2008\Backup\Vize\Pages\PageRestore.cs">
</Event><Event ErrorLevel="0" Project="Vize" Source="Vize\Pages\PageRestore.Designer.cs" Description="Se realizó correctamente la copia de seguridad del archivo C:\Datos\Max®\Software\Packs de Transformacion\Se7en\7ize2008\Backup\Vize\Pages\PageRestore.Designer.cs">
</Event><Event ErrorLevel="0" Project="Vize" Source="Vize\Pages\PagePatch.cs" Description="Se realizó correctamente la copia de seguridad del archivo C:\Datos\Max®\Software\Packs de Transformacion\Se7en\7ize2008\Backup\Vize\Pages\PagePatch.cs">
</Event><Event ErrorLevel="0" Project="Vize" Source="Vize\Pages\PagePatch.Designer.cs" Description="Se realizó correctamente la copia de seguridad del archivo C:\Datos\Max®\Software\Packs de Transformacion\Se7en\7ize2008\Backup\Vize\Pages\PagePatch.Designer.cs">
</Event><Event ErrorLevel="0" Project="Vize" Source="Vize\Program.cs" Description="Se realizó correctamente la copia de seguridad del archivo C:\Datos\Max®\Software\Packs de Transformacion\Se7en\7ize2008\Backup\Vize\Program.cs">
</Event><Event ErrorLevel="0" Project="Vize" Source="Vize\Properties\AssemblyInfo.cs" Description="Se realizó correctamente la copia de seguridad del archivo C:\Datos\Max®\Software\Packs de Transformacion\Se7en\7ize2008\Backup\Vize\Properties\AssemblyInfo.cs">
</Event><Event ErrorLevel="0" Project="Vize" Source="Vize\Properties\Resources.Designer.cs" Description="Se realizó correctamente la copia de seguridad del archivo C:\Datos\Max®\Software\Packs de Transformacion\Se7en\7ize2008\Backup\Vize\Properties\Resources.Designer.cs">
</Event><Event ErrorLevel="0" Project="Vize" Source="Vize\Properties\Settings.Designer.cs" Description="Se realizó correctamente la copia de seguridad del archivo C:\Datos\Max®\Software\Packs de Transformacion\Se7en\7ize2008\Backup\Vize\Properties\Settings.Designer.cs">
</Event><Event ErrorLevel="0" Project="Vize" Source="Vize\RestartManager.cs" Description="Se realizó correctamente la copia de seguridad del archivo C:\Datos\Max®\Software\Packs de Transformacion\Se7en\7ize2008\Backup\Vize\RestartManager.cs">
</Event><Event ErrorLevel="0" Project="Vize" Source="Vize\Properties\Settings.settings" Description="Se realizó correctamente la copia de seguridad del archivo C:\Datos\Max®\Software\Packs de Transformacion\Se7en\7ize2008\Backup\Vize\Properties\Settings.settings">
</Event><Event ErrorLevel="0" Project="Vize" Source="Vize\Images\back.jpg" Description="Se realizó correctamente la copia de seguridad del archivo C:\Datos\Max®\Software\Packs de Transformacion\Se7en\7ize2008\Backup\Vize\Images\back.jpg">
</Event><Event ErrorLevel="0" Project="Vize" Source="Vize\Images\info.png" Description="Se realizó correctamente la copia de seguridad del archivo C:\Datos\Max®\Software\Packs de Transformacion\Se7en\7ize2008\Backup\Vize\Images\info.png">
</Event><Event ErrorLevel="0" Project="Vize" Source="Vize\app.manifest" Description="Se realizó correctamente la copia de seguridad del archivo C:\Datos\Max®\Software\Packs de Transformacion\Se7en\7ize2008\Backup\Vize\app.manifest">
</Event><Event ErrorLevel="0" Project="Vize" Source="Vize\Images\warning.png" Description="Se realizó correctamente la copia de seguridad del archivo C:\Datos\Max®\Software\Packs de Transformacion\Se7en\7ize2008\Backup\Vize\Images\warning.png">
</Event><Event ErrorLevel="0" Project="Vize" Source="Vize\Images\warningbig.png" Description="Se realizó correctamente la copia de seguridad del archivo C:\Datos\Max®\Software\Packs de Transformacion\Se7en\7ize2008\Backup\Vize\Images\warningbig.png">
</Event><Event ErrorLevel="0" Project="Vize" Source="Vize\Images\patcher.png" Description="Se realizó correctamente la copia de seguridad del archivo C:\Datos\Max®\Software\Packs de Transformacion\Se7en\7ize2008\Backup\Vize\Images\patcher.png">
</Event><Event ErrorLevel="0" Project="Vize" Source="Vize\Images\reloader.png" Description="Se realizó correctamente la copia de seguridad del archivo C:\Datos\Max®\Software\Packs de Transformacion\Se7en\7ize2008\Backup\Vize\Images\reloader.png">
</Event><Event ErrorLevel="0" Project="Vize" Source="Vize\Images\restorer.png" Description="Se realizó correctamente la copia de seguridad del archivo C:\Datos\Max®\Software\Packs de Transformacion\Se7en\7ize2008\Backup\Vize\Images\restorer.png">
</Event><Event ErrorLevel="0" Project="Vize" Source="Vize\Images\options.png" Description="Se realizó correctamente la copia de seguridad del archivo C:\Datos\Max®\Software\Packs de Transformacion\Se7en\7ize2008\Backup\Vize\Images\options.png">
</Event><Event ErrorLevel="0" Project="Vize" Source="Vize\Images\about.png" Description="Se realizó correctamente la copia de seguridad del archivo C:\Datos\Max®\Software\Packs de Transformacion\Se7en\7ize2008\Backup\Vize\Images\about.png">
</Event><Event ErrorLevel="0" Project="Vize" Source="Vize\Images\greenshield.png" Description="Se realizó correctamente la copia de seguridad del archivo C:\Datos\Max®\Software\Packs de Transformacion\Se7en\7ize2008\Backup\Vize\Images\greenshield.png">
</Event><Event ErrorLevel="0" Project="Vize" Source="Vize\Images\redshield.png" Description="Se realizó correctamente la copia de seguridad del archivo C:\Datos\Max®\Software\Packs de Transformacion\Se7en\7ize2008\Backup\Vize\Images\redshield.png">
</Event><Event ErrorLevel="0" Project="Vize" Source="Vize\Images\updates.png" Description="Se realizó correctamente la copia de seguridad del archivo C:\Datos\Max®\Software\Packs de Transformacion\Se7en\7ize2008\Backup\Vize\Images\updates.png">
</Event><Event ErrorLevel="0" Project="Vize" Source="Vize\vizekey.snk" Description="Se realizó correctamente la copia de seguridad del archivo C:\Datos\Max®\Software\Packs de Transformacion\Se7en\7ize2008\Backup\Vize\vizekey.snk">
</Event><Event ErrorLevel="0" Project="Vize" Source="Vize\Images\line.png" Description="Se realizó correctamente la copia de seguridad del archivo C:\Datos\Max®\Software\Packs de Transformacion\Se7en\7ize2008\Backup\Vize\Images\line.png">
</Event><Event ErrorLevel="0" Project="Vize" Source="Vize\Images\shield.png" Description="Se realizó correctamente la copia de seguridad del archivo C:\Datos\Max®\Software\Packs de Transformacion\Se7en\7ize2008\Backup\Vize\Images\shield.png">
</Event><Event ErrorLevel="0" Project="Vize" Source="Vize\Images\notifierdisabled.png" Description="Se realizó correctamente la copia de seguridad del archivo C:\Datos\Max®\Software\Packs de Transformacion\Se7en\7ize2008\Backup\Vize\Images\notifierdisabled.png">
</Event><Event ErrorLevel="0" Project="Vize" Source="Vize\Images\notifierenabled.png" Description="Se realizó correctamente la copia de seguridad del archivo C:\Datos\Max®\Software\Packs de Transformacion\Se7en\7ize2008\Backup\Vize\Images\notifierenabled.png">
</Event><Event ErrorLevel="0" Project="Vize" Source="Vize\app.config" Description="Se realizó correctamente la copia de seguridad del archivo C:\Datos\Max®\Software\Packs de Transformacion\Se7en\7ize2008\Backup\Vize\app.config">
</Event><Event ErrorLevel="0" Project="Vize" Source="Vize\FileList.xml" Description="Se realizó correctamente la copia de seguridad del archivo C:\Datos\Max®\Software\Packs de Transformacion\Se7en\7ize2008\Backup\Vize\FileList.xml">
</Event><Event ErrorLevel="0" Project="Vize" Source="Vize\Vize.ico" Description="Se realizó correctamente la copia de seguridad del archivo C:\Datos\Max®\Software\Packs de Transformacion\Se7en\7ize2008\Backup\Vize\Vize.ico">
</Event><Event ErrorLevel="0" Project="Vize" Source="Vize\MainApp.resx" Description="Se realizó correctamente la copia de seguridad del archivo C:\Datos\Max®\Software\Packs de Transformacion\Se7en\7ize2008\Backup\Vize\MainApp.resx">
</Event><Event ErrorLevel="0" Project="Vize" Source="Vize\Properties\Resources.resx" Description="Se realizó correctamente la copia de seguridad del archivo C:\Datos\Max®\Software\Packs de Transformacion\Se7en\7ize2008\Backup\Vize\Properties\Resources.resx">
</Event><Event ErrorLevel="0" Project="Vize" Source="Vize\Languages\es-ES.xml" Description="Se realizó correctamente la copia de seguridad del archivo C:\Datos\Max®\Software\Packs de Transformacion\Se7en\7ize2008\Backup\Vize\Languages\es-ES.xml">
</Event><Event ErrorLevel="0" Project="Vize" Source="Vize\Languages\en-US.xml" Description="Se realizó correctamente la copia de seguridad del archivo C:\Datos\Max®\Software\Packs de Transformacion\Se7en\7ize2008\Backup\Vize\Languages\en-US.xml">
</Event><Event ErrorLevel="0" Project="Vize" Source="Vize\Languages\es-AR.xml" Description="Se realizó correctamente la copia de seguridad del archivo C:\Datos\Max®\Software\Packs de Transformacion\Se7en\7ize2008\Backup\Vize\Languages\es-AR.xml">
</Event><Event ErrorLevel="0" Project="Vize" Source="Vize\Languages\es-MX.xml" Description="Se realizó correctamente la copia de seguridad del archivo C:\Datos\Max®\Software\Packs de Transformacion\Se7en\7ize2008\Backup\Vize\Languages\es-MX.xml">
</Event><Event ErrorLevel="2" Project="Vize" Source="Vize\Languages\de-DE.xml" Description="Error al hacer copia de seguridad del archivo como C:\Datos\Max®\Software\Packs de Transformacion\Se7en\7ize2008\Backup\Vize\Languages\de-DE.xml">
</Event><Event ErrorLevel="2" Project="Vize" Source="Vize\Languages\bg-BG.xml" Description="Error al hacer copia de seguridad del archivo como C:\Datos\Max®\Software\Packs de Transformacion\Se7en\7ize2008\Backup\Vize\Languages\bg-BG.xml">
</Event><Event ErrorLevel="2" Project="Vize" Source="Vize\Languages\ro-RO.xml" Description="Error al hacer copia de seguridad del archivo como C:\Datos\Max®\Software\Packs de Transformacion\Se7en\7ize2008\Backup\Vize\Languages\ro-RO.xml">
</Event><Event ErrorLevel="2" Project="Vize" Source="Vize\Languages\sr-SR.xml" Description="Error al hacer copia de seguridad del archivo como C:\Datos\Max®\Software\Packs de Transformacion\Se7en\7ize2008\Backup\Vize\Languages\sr-SR.xml">
</Event><Event ErrorLevel="2" Project="Vize" Source="Vize\Languages\fr-FR.xml" Description="Error al hacer copia de seguridad del archivo como C:\Datos\Max®\Software\Packs de Transformacion\Se7en\7ize2008\Backup\Vize\Languages\fr-FR.xml">
</Event><Event ErrorLevel="2" Project="Vize" Source="Vize\Languages\it-IT.xml" Description="Error al hacer copia de seguridad del archivo como C:\Datos\Max®\Software\Packs de Transformacion\Se7en\7ize2008\Backup\Vize\Languages\it-IT.xml">
</Event><Event ErrorLevel="2" Project="Vize" Source="Vize\Languages\nl-NL.xml" Description="Error al hacer copia de seguridad del archivo como C:\Datos\Max®\Software\Packs de Transformacion\Se7en\7ize2008\Backup\Vize\Languages\nl-NL.xml">
</Event><Event ErrorLevel="0" Project="Vize" Source="Vize\Pages\PageAbout.resx" Description="Se realizó correctamente la copia de seguridad del archivo C:\Datos\Max®\Software\Packs de Transformacion\Se7en\7ize2008\Backup\Vize\Pages\PageAbout.resx">
</Event><Event ErrorLevel="0" Project="Vize" Source="Vize\Pages\PageHome.resx" Description="Se realizó correctamente la copia de seguridad del archivo C:\Datos\Max®\Software\Packs de Transformacion\Se7en\7ize2008\Backup\Vize\Pages\PageHome.resx">
</Event><Event ErrorLevel="0" Project="Vize" Source="Vize\Pages\PageOptions.resx" Description="Se realizó correctamente la copia de seguridad del archivo C:\Datos\Max®\Software\Packs de Transformacion\Se7en\7ize2008\Backup\Vize\Pages\PageOptions.resx">
</Event><Event ErrorLevel="0" Project="Vize" Source="Vize\Vize.csproj" Description="Proyecto convertido correctamente">
</Event><Event ErrorLevel="3" Project="Vize" Source="Vize\Vize.csproj" Description="Converted">
</Event><Event ErrorLevel="0" Project="PatcherHelper" Source="PatcherHelper\PatcherHelper.csproj" Description="Se realizó correctamente la copia de seguridad del archivo de proyecto C:\Datos\Max®\Software\Packs de Transformacion\Se7en\7ize2008\Backup\PatcherHelper\PatcherHelper.csproj">
</Event><Event ErrorLevel="0" Project="PatcherHelper" Source="PatcherHelper\PatcherHelper.csproj.user" Description="La copia de seguridad C:\Datos\Max®\Software\Packs de Transformacion\Se7en\7ize2008\Backup\PatcherHelper\PatcherHelper.csproj.user del archivo se ha creado correctamente">
</Event><Event ErrorLevel="0" Project="PatcherHelper" Source="PatcherHelper\PatcherFunctions.cs" Description="Se realizó correctamente la copia de seguridad del archivo C:\Datos\Max®\Software\Packs de Transformacion\Se7en\7ize2008\Backup\PatcherHelper\PatcherFunctions.cs">
</Event><Event ErrorLevel="0" Project="PatcherHelper" Source="PatcherHelper\Properties\AssemblyInfo.cs" Description="Se realizó correctamente la copia de seguridad del archivo C:\Datos\Max®\Software\Packs de Transformacion\Se7en\7ize2008\Backup\PatcherHelper\Properties\AssemblyInfo.cs">
</Event><Event ErrorLevel="0" Project="PatcherHelper" Source="PatcherHelper\vizekey.snk" Description="Se realizó correctamente la copia de seguridad del archivo C:\Datos\Max®\Software\Packs de Transformacion\Se7en\7ize2008\Backup\PatcherHelper\vizekey.snk">
</Event><Event ErrorLevel="0" Project="PatcherHelper" Source="PatcherHelper\PatcherHelper.csproj" Description="Proyecto convertido correctamente">
</Event><Event ErrorLevel="3" Project="PatcherHelper" Source="PatcherHelper\PatcherHelper.csproj" Description="Converted">
</Event><Event ErrorLevel="0" Project="FileListEditor" Source="FileListEditor\FileListEditor.csproj" Description="Se realizó correctamente la copia de seguridad del archivo de proyecto C:\Datos\Max®\Software\Packs de Transformacion\Se7en\7ize2008\Backup\FileListEditor\FileListEditor.csproj">
</Event><Event ErrorLevel="0" Project="FileListEditor" Source="FileListEditor\FileListEditor.csproj.user" Description="La copia de seguridad C:\Datos\Max®\Software\Packs de Transformacion\Se7en\7ize2008\Backup\FileListEditor\FileListEditor.csproj.user del archivo se ha creado correctamente">
</Event><Event ErrorLevel="0" Project="FileListEditor" Source="FileListEditor\Program.cs" Description="Se realizó correctamente la copia de seguridad del archivo C:\Datos\Max®\Software\Packs de Transformacion\Se7en\7ize2008\Backup\FileListEditor\Program.cs">
</Event><Event ErrorLevel="0" Project="FileListEditor" Source="FileListEditor\Properties\AssemblyInfo.cs" Description="Se realizó correctamente la copia de seguridad del archivo C:\Datos\Max®\Software\Packs de Transformacion\Se7en\7ize2008\Backup\FileListEditor\Properties\AssemblyInfo.cs">
</Event><Event ErrorLevel="0" Project="FileListEditor" Source="FileListEditor\FileListEditor.csproj" Description="Proyecto convertido correctamente">
</Event><Event ErrorLevel="3" Project="FileListEditor" Source="FileListEditor\FileListEditor.csproj" Description="Converted">
</Event><Event ErrorLevel="0" Project="VistaControls" Source="VistaControls\VistaControls.csproj" Description="Se realizó correctamente la copia de seguridad del archivo de proyecto C:\Datos\Max®\Software\Packs de Transformacion\Se7en\7ize2008\Backup\VistaControls\VistaControls.csproj">
</Event><Event ErrorLevel="0" Project="VistaControls" Source="VistaControls\VistaControls.csproj.user" Description="La copia de seguridad C:\Datos\Max®\Software\Packs de Transformacion\Se7en\7ize2008\Backup\VistaControls\VistaControls.csproj.user del archivo se ha creado correctamente">
</Event><Event ErrorLevel="0" Project="VistaControls" Source="VistaControls\ActiveTaskDialog.cs" Description="Se realizó correctamente la copia de seguridad del archivo C:\Datos\Max®\Software\Packs de Transformacion\Se7en\7ize2008\Backup\VistaControls\ActiveTaskDialog.cs">
</Event><Event ErrorLevel="0" Project="VistaControls" Source="VistaControls\Button.cs" Description="Se realizó correctamente la copia de seguridad del archivo C:\Datos\Max®\Software\Packs de Transformacion\Se7en\7ize2008\Backup\VistaControls\Button.cs">
</Event><Event ErrorLevel="0" Project="VistaControls" Source="VistaControls\ComboBox.cs" Description="Se realizó correctamente la copia de seguridad del archivo C:\Datos\Max®\Software\Packs de Transformacion\Se7en\7ize2008\Backup\VistaControls\ComboBox.cs">
</Event><Event ErrorLevel="0" Project="VistaControls" Source="VistaControls\CommandLink.cs" Description="Se realizó correctamente la copia de seguridad del archivo C:\Datos\Max®\Software\Packs de Transformacion\Se7en\7ize2008\Backup\VistaControls\CommandLink.cs">
</Event><Event ErrorLevel="0" Project="VistaControls" Source="VistaControls\DBPanel.cs" Description="Se realizó correctamente la copia de seguridad del archivo C:\Datos\Max®\Software\Packs de Transformacion\Se7en\7ize2008\Backup\VistaControls\DBPanel.cs">
</Event><Event ErrorLevel="0" Project="VistaControls" Source="VistaControls\ListView.cs" Description="Se realizó correctamente la copia de seguridad del archivo C:\Datos\Max®\Software\Packs de Transformacion\Se7en\7ize2008\Backup\VistaControls\ListView.cs">
</Event><Event ErrorLevel="0" Project="VistaControls" Source="VistaControls\Progressbar.cs" Description="Se realizó correctamente la copia de seguridad del archivo C:\Datos\Max®\Software\Packs de Transformacion\Se7en\7ize2008\Backup\VistaControls\Progressbar.cs">
</Event><Event ErrorLevel="0" Project="VistaControls" Source="VistaControls\Properties\AssemblyInfo.cs" Description="Se realizó correctamente la copia de seguridad del archivo C:\Datos\Max®\Software\Packs de Transformacion\Se7en\7ize2008\Backup\VistaControls\Properties\AssemblyInfo.cs">
</Event><Event ErrorLevel="0" Project="VistaControls" Source="VistaControls\TaskDialog.cs" Description="Se realizó correctamente la copia de seguridad del archivo C:\Datos\Max®\Software\Packs de Transformacion\Se7en\7ize2008\Backup\VistaControls\TaskDialog.cs">
</Event><Event ErrorLevel="0" Project="VistaControls" Source="VistaControls\TaskDialogCommonDialog.cs" Description="Se realizó correctamente la copia de seguridad del archivo C:\Datos\Max®\Software\Packs de Transformacion\Se7en\7ize2008\Backup\VistaControls\TaskDialogCommonDialog.cs">
</Event><Event ErrorLevel="0" Project="VistaControls" Source="VistaControls\TaskDialogNotificationArgs.cs" Description="Se realizó correctamente la copia de seguridad del archivo C:\Datos\Max®\Software\Packs de Transformacion\Se7en\7ize2008\Backup\VistaControls\TaskDialogNotificationArgs.cs">
</Event><Event ErrorLevel="0" Project="VistaControls" Source="VistaControls\TextBox.cs" Description="Se realizó correctamente la copia de seguridad del archivo C:\Datos\Max®\Software\Packs de Transformacion\Se7en\7ize2008\Backup\VistaControls\TextBox.cs">
</Event><Event ErrorLevel="0" Project="VistaControls" Source="VistaControls\TreeView.cs" Description="Se realizó correctamente la copia de seguridad del archivo C:\Datos\Max®\Software\Packs de Transformacion\Se7en\7ize2008\Backup\VistaControls\TreeView.cs">
</Event><Event ErrorLevel="0" Project="VistaControls" Source="VistaControls\NativeMethods.cs" Description="Se realizó correctamente la copia de seguridad del archivo C:\Datos\Max®\Software\Packs de Transformacion\Se7en\7ize2008\Backup\VistaControls\NativeMethods.cs">
</Event><Event ErrorLevel="0" Project="VistaControls" Source="VistaControls\UnsafeNativeMethods.cs" Description="Se realizó correctamente la copia de seguridad del archivo C:\Datos\Max®\Software\Packs de Transformacion\Se7en\7ize2008\Backup\VistaControls\UnsafeNativeMethods.cs">
</Event><Event ErrorLevel="0" Project="VistaControls" Source="VistaControls\vizekey.snk" Description="Se realizó correctamente la copia de seguridad del archivo C:\Datos\Max®\Software\Packs de Transformacion\Se7en\7ize2008\Backup\VistaControls\vizekey.snk">
</Event><Event ErrorLevel="0" Project="VistaControls" Source="VistaControls\VistaControls.csproj" Description="Proyecto convertido correctamente">
</Event><Event ErrorLevel="3" Project="VistaControls" Source="VistaControls\VistaControls.csproj" Description="Converted">
</Event><Event ErrorLevel="0" Project="VizeReloadNotifier" Source="VizeReloadNotifier\VizeReloadNotifier.csproj" Description="Se realizó correctamente la copia de seguridad del archivo de proyecto C:\Datos\Max®\Software\Packs de Transformacion\Se7en\7ize2008\Backup\VizeReloadNotifier\VizeReloadNotifier.csproj">
</Event><Event ErrorLevel="0" Project="VizeReloadNotifier" Source="VizeReloadNotifier\MainApp.cs" Description="Se realizó correctamente la copia de seguridad del archivo C:\Datos\Max®\Software\Packs de Transformacion\Se7en\7ize2008\Backup\VizeReloadNotifier\MainApp.cs">
</Event><Event ErrorLevel="0" Project="VizeReloadNotifier" Source="VizeReloadNotifier\MainApp.Designer.cs" Description="Se realizó correctamente la copia de seguridad del archivo C:\Datos\Max®\Software\Packs de Transformacion\Se7en\7ize2008\Backup\VizeReloadNotifier\MainApp.Designer.cs">
</Event><Event ErrorLevel="0" Project="VizeReloadNotifier" Source="VizeReloadNotifier\Program.cs" Description="Se realizó correctamente la copia de seguridad del archivo C:\Datos\Max®\Software\Packs de Transformacion\Se7en\7ize2008\Backup\VizeReloadNotifier\Program.cs">
</Event><Event ErrorLevel="0" Project="VizeReloadNotifier" Source="VizeReloadNotifier\Properties\AssemblyInfo.cs" Description="Se realizó correctamente la copia de seguridad del archivo C:\Datos\Max®\Software\Packs de Transformacion\Se7en\7ize2008\Backup\VizeReloadNotifier\Properties\AssemblyInfo.cs">
</Event><Event ErrorLevel="0" Project="VizeReloadNotifier" Source="VizeReloadNotifier\Properties\Resources.Designer.cs" Description="Se realizó correctamente la copia de seguridad del archivo C:\Datos\Max®\Software\Packs de Transformacion\Se7en\7ize2008\Backup\VizeReloadNotifier\Properties\Resources.Designer.cs">
</Event><Event ErrorLevel="0" Project="VizeReloadNotifier" Source="VizeReloadNotifier\Properties\Settings.Designer.cs" Description="Se realizó correctamente la copia de seguridad del archivo C:\Datos\Max®\Software\Packs de Transformacion\Se7en\7ize2008\Backup\VizeReloadNotifier\Properties\Settings.Designer.cs">
</Event><Event ErrorLevel="0" Project="VizeReloadNotifier" Source="VizeReloadNotifier\Properties\Settings.settings" Description="Se realizó correctamente la copia de seguridad del archivo C:\Datos\Max®\Software\Packs de Transformacion\Se7en\7ize2008\Backup\VizeReloadNotifier\Properties\Settings.settings">
</Event><Event ErrorLevel="0" Project="VizeReloadNotifier" Source="VizeReloadNotifier\MainApp.resx" Description="Se realizó correctamente la copia de seguridad del archivo C:\Datos\Max®\Software\Packs de Transformacion\Se7en\7ize2008\Backup\VizeReloadNotifier\MainApp.resx">
</Event><Event ErrorLevel="0" Project="VizeReloadNotifier" Source="VizeReloadNotifier\Properties\Resources.resx" Description="Se realizó correctamente la copia de seguridad del archivo C:\Datos\Max®\Software\Packs de Transformacion\Se7en\7ize2008\Backup\VizeReloadNotifier\Properties\Resources.resx">
</Event><Event ErrorLevel="0" Project="VizeReloadNotifier" Source="VizeReloadNotifier\VizeReloadNotifier.csproj" Description="Proyecto convertido correctamente">
</Event><Event ErrorLevel="3" Project="VizeReloadNotifier" Source="VizeReloadNotifier\VizeReloadNotifier.csproj" Description="Converted">
</Event><Event ErrorLevel="0" Project="" Source="Vize.sln" Description="La solución se convirtió correctamente">
</Event><Event ErrorLevel="3" Project="" Source="Vize.sln" Description="Converted">
</Event><Event ErrorLevel="0" Project="Vize" Source="Vize\Vize.csproj" Description="Examen completo: no es necesario actualizar los archivos de proyecto.">
</Event><Event ErrorLevel="0" Project="PatcherHelper" Source="PatcherHelper\PatcherHelper.csproj" Description="Examen completo: no es necesario actualizar los archivos de proyecto.">
</Event><Event ErrorLevel="0" Project="FileListEditor" Source="FileListEditor\FileListEditor.csproj" Description="Examen completo: no es necesario actualizar los archivos de proyecto.">
</Event><Event ErrorLevel="0" Project="VistaControls" Source="VistaControls\VistaControls.csproj" Description="Examen completo: no es necesario actualizar los archivos de proyecto.">
</Event><Event ErrorLevel="0" Project="VizeReloadNotifier" Source="VizeReloadNotifier\VizeReloadNotifier.csproj" Description="Examen completo: no es necesario actualizar los archivos de proyecto.">
</Event></UpgradeLog>