﻿<?xml version="1.0" encoding="utf-8"?>
<files>
  <file path="C:\Windows\System32\aclui.dll" type="dll" filesize="" patched="no" shipswithwindows="yes">aclui.dll</file>
  <file path="C:\Windows\System32\apds.dll" type="dll" filesize="" patched="no" shipswithwindows="yes">apds.dll</file>
  <file path="C:\Windows\System32\apss.dll" type="dll" filesize="" patched="no" shipswithwindows="yes">apss.dll</file>
  <file path="C:\Windows\System32\audiodev.dll" type="dll" filesize="" patched="no" shipswithwindows="yes">audiodev.dll</file>
  <file path="C:\Windows\System32\basecsp.dll" type="dll" filesize="" patched="no" shipswithwindows="yes">basecsp.dll</file>
  <file path="C:\Windows\System32\batt.dll" type="dll" filesize="" patched="no" shipswithwindows="yes">batt.dll</file>
  <file path="C:\Windows\System32\btpanui.dll" type="dll" filesize="" patched="no" shipswithwindows="yes">btpanui.dll</file>
  <file path="C:\Windows\System32\cabview.dll" type="dll" filesize="" patched="no" shipswithwindows="yes">cabview.dll</file>
  <file path="C:\Windows\System32\certmgr.dll" type="dll" filesize="" patched="no" shipswithwindows="yes">certmgr.dll</file>
  <file path="C:\Windows\System32\cmdial32.dll" type="dll" filesize="" patched="no" shipswithwindows="yes">cmdial32.dll</file>
  <file path="C:\Windows\System32\cmlua.dll" type="dll" filesize="" patched="no" shipswithwindows="yes">cmlua.dll</file>
  <file path="C:\Windows\System32\cmstplua.dll" type="dll" filesize="" patched="no" shipswithwindows="yes">cmstplua.dll</file>
  <file path="C:\Windows\System32\comctl32.dll" type="dll" filesize="" patched="no" shipswithwindows="yes">comctl32.dll</file>
  <file path="C:\Windows\System32\compatui.dll" type="dll" filesize="" patched="no" shipswithwindows="yes">compatui.dll</file>
  <file path="C:\Windows\System32\connect.dll" type="dll" filesize="" patched="no" shipswithwindows="yes">connect.dll</file>
  <file path="C:\Windows\System32\credui.dll" type="dll" filesize="" patched="no" shipswithwindows="yes">credui.dll</file>
  <file path="C:\Windows\System32\cscui.dll" type="dll" filesize="" patched="no" shipswithwindows="yes">cscui.dll</file>
  <file path="C:\Windows\System32\dataclen.dll" type="dll" filesize="" patched="no" shipswithwindows="yes">dataclen.dll</file>
  <file path="C:\Windows\System32\devmgr.dll" type="dll" filesize="" patched="no" shipswithwindows="yes">devmgr.dll</file>
  <file path="C:\Windows\System32\DfrgRes.dll" type="dll" filesize="" patched="no" shipswithwindows="yes">DfrgRes.dll</file>
  <file path="C:\Windows\System32\dmdskres.dll" type="dll" filesize="" patched="no" shipswithwindows="yes">dmdskres.dll</file>
  <file path="C:\Windows\System32\dpmodemx.dll" type="dll" filesize="" patched="no" shipswithwindows="yes">dpmodemx.dll</file>
  <file path="C:\Windows\System32\eappgnui.dll" type="dll" filesize="" patched="no" shipswithwindows="yes">eappgnui.dll</file>
  <file path="C:\Windows\System32\els.dll" type="dll" filesize="" patched="no" shipswithwindows="yes">els.dll</file>
  <file path="C:\Windows\System32\extmgr.dll" type="dll" filesize="" patched="no" shipswithwindows="yes">extmgr.dll</file>
  <file path="C:\Windows\System32\fde.dll" type="dll" filesize="" patched="no" shipswithwindows="yes">fde.dll</file>
  <file path="C:\Windows\System32\fontext.dll" type="dll" filesize="" patched="no" shipswithwindows="yes">fontext.dll</file>
  <file path="C:\Windows\System32\fveRecover.dll" type="dll" filesize="" patched="no" shipswithwindows="yes">fveRecover.dll</file>
  <file path="C:\Windows\System32\gcdef.dll" type="dll" filesize="" patched="no" shipswithwindows="yes">gcdef.dll</file>
  <file path="C:\Windows\System32\ieaksie.dll" type="dll" filesize="" patched="no" shipswithwindows="yes">ieaksie.dll</file>
  <file path="C:\Windows\System32\iernonce.dll" type="dll" filesize="" patched="no" shipswithwindows="yes">iernonce.dll</file>
  <file path="C:\Windows\System32\irclass.dll" type="dll" filesize="" patched="no" shipswithwindows="yes">irclass.dll</file>
  <file path="C:\Windows\System32\mshtml.dll" type="dll" filesize="" patched="no" shipswithwindows="yes">mshtml.dll</file>
  <file path="C:\Windows\System32\msi.dll" type="dll" filesize="" patched="no" shipswithwindows="yes">msi.dll</file>
  <file path="C:\Windows\System32\msieftp.dll" type="dll" filesize="" patched="no" shipswithwindows="yes">msieftp.dll</file>
  <file path="C:\Windows\System32\mstask.dll" type="dll" filesize="" patched="no" shipswithwindows="yes">mstask.dll</file>
  <file path="C:\Windows\System32\mydocs.dll" type="dll" filesize="" patched="no" shipswithwindows="yes">mydocs.dll</file>
  <file path="C:\Windows\System32\netcenter.dll" type="dll" filesize="" patched="no" shipswithwindows="yes">netcenter.dll</file>
  <file path="C:\Windows\System32\netplwiz.dll" type="dll" filesize="" patched="no" shipswithwindows="yes">netplwiz.dll</file>
  <file path="C:\Windows\System32\netshell.dll" type="dll" filesize="" patched="no" shipswithwindows="yes">netshell.dll</file>
  <file path="C:\Windows\System32\networkmap.dll" type="dll" filesize="" patched="no" shipswithwindows="yes">networkmap.dll</file>
  <file path="C:\Windows\System32\newdev.dll" type="dll" filesize="" patched="no" shipswithwindows="yes">newdev.dll</file>
  <file path="C:\Windows\System32\ntlanui2.dll" type="dll" filesize="" patched="no" shipswithwindows="yes">ntlanui2.dll</file>
  <file path="C:\Windows\System32\occache.dll" type="dll" filesize="" patched="no" shipswithwindows="yes">occache.dll</file>
  <file path="C:\Windows\System32\printui.dll" type="dll" filesize="" patched="no" shipswithwindows="yes">printui.dll</file>
  <file path="C:\Windows\System32\quartz.dll" type="dll" filesize="" patched="no" shipswithwindows="yes">quartz.dll</file>
  <file path="C:\Windows\System32\rasdlg.dll" type="dll" filesize="" patched="no" shipswithwindows="yes">rasdlg.dll</file>
  <file path="C:\Windows\System32\rastls.dll" type="dll" filesize="" patched="no" shipswithwindows="yes">rastls.dll</file>
  <file path="C:\Windows\System32\remotepg.dll" type="dll" filesize="" patched="no" shipswithwindows="yes">remotepg.dll</file>
  <file path="C:\Windows\System32\scksp.dll" type="dll" filesize="" patched="no" shipswithwindows="yes">scksp.dll</file>
  <file path="C:\Windows\System32\scrobj.dll" type="dll" filesize="" patched="no" shipswithwindows="yes">scrobj.dll</file>
  <file path="C:\Windows\System32\sendmail.dll" type="dll" filesize="" patched="no" shipswithwindows="yes">sendmail.dll</file>
  <file path="C:\Windows\System32\shdocvw.dll" type="dll" filesize="" patched="no" shipswithwindows="yes">shdocvw.dll</file>
  <file path="C:\Windows\System32\shell32.dll" type="dll" filesize="" patched="no" shipswithwindows="yes">shell32.dll</file>
  <file path="C:\Windows\System32\shimgvw.dll" type="dll" filesize="" patched="no" shipswithwindows="yes">shimgvw.dll</file>
  <file path="C:\Windows\System32\SndVolSSO.dll" type="dll" filesize="" patched="no" shipswithwindows="yes">SndVolSSO.dll</file>
  <file path="C:\Windows\System32\srrstr.dll" type="dll" filesize="" patched="no" shipswithwindows="yes">srrstr.dll</file>
  <file path="C:\Windows\System32\syncui.dll" type="dll" filesize="" patched="no" shipswithwindows="yes">syncui.dll</file>
  <file path="C:\Windows\System32\sysclass.dll" type="dll" filesize="" patched="no" shipswithwindows="yes">sysclass.dll</file>
  <file path="C:\Windows\System32\tapiui.dll" type="dll" filesize="" patched="no" shipswithwindows="yes">tapiui.dll</file>
  <file path="C:\Windows\System32\tcpmonui.dll" type="dll" filesize="" patched="no" shipswithwindows="yes">tcpmonui.dll</file>
  <file path="C:\Windows\System32\themeui.dll" type="dll" filesize="" patched="no" shipswithwindows="yes">themeui.dll</file>
  <file path="C:\Windows\System32\twext.dll" type="dll" filesize="" patched="no" shipswithwindows="yes">twext.dll</file>
  <file path="C:\Windows\System32\url.dll" type="dll" filesize="" patched="no" shipswithwindows="yes">url.dll</file>
  <file path="C:\Windows\System32\urlmon.dll" type="dll" filesize="" patched="no" shipswithwindows="yes">urlmon.dll</file>
  <file path="C:\Windows\System32\webcheck.dll" type="dll" filesize="" patched="no" shipswithwindows="yes">webcheck.dll</file>
  <file path="C:\Windows\System32\wiadefui.dll" type="dll" filesize="" patched="no" shipswithwindows="yes">wiadefui.dll</file>
  <file path="C:\Windows\System32\wiashext.dll" type="dll" filesize="" patched="no" shipswithwindows="yes">wiashext.dll</file>
  <file path="C:\Windows\System32\wmploc.DLL" type="dll" filesize="" patched="no" shipswithwindows="yes">wmploc.DLL</file>
  <file path="C:\Windows\System32\WpdShext.dll" type="dll" filesize="" patched="no" shipswithwindows="yes">WpdShext.dll</file>
  <file path="C:\Windows\System32\wuapi.dll" type="dll" filesize="" patched="no" shipswithwindows="yes">wuapi.dll</file>
  <file path="C:\Windows\System32\wucltux.dll" type="dll" filesize="" patched="no" shipswithwindows="yes">wucltux.dll</file>
  <file path="C:\Windows\System32\wuwebv.dll" type="dll" filesize="" patched="no" shipswithwindows="yes">wuwebv.dll</file>
  <file path="C:\Windows\System32\certreq.exe" type="exe" filesize="" patched="no" shipswithwindows="yes">certreq.exe</file>
  <file path="C:\Windows\System32\certutil.exe" type="exe" filesize="" patched="no" shipswithwindows="yes">certutil.exe</file>
  <file path="C:\Windows\System32\cleanmgr.exe" type="exe" filesize="" patched="no" shipswithwindows="yes">cleanmgr.exe</file>
  <file path="C:\Windows\System32\cmdl32.exe" type="exe" filesize="" patched="no" shipswithwindows="yes">cmdl32.exe</file>
  <file path="C:\Windows\System32\cmmon32.exe" type="exe" filesize="" patched="no" shipswithwindows="yes">cmmon32.exe</file>
  <file path="C:\Windows\System32\cmstp.exe" type="exe" filesize="" patched="no" shipswithwindows="yes">cmstp.exe</file>
  <file path="C:\Windows\System32\CompMgmtLauncher.exe" type="exe" filesize="" patched="no" shipswithwindows="yes">CompMgmtLauncher.exe</file>
  <file path="C:\Windows\System32\ComputerDefaults.exe" type="exe" filesize="" patched="no" shipswithwindows="yes">ComputerDefaults.exe</file>
  <file path="C:\Windows\System32\conime.exe" type="exe" filesize="" patched="no" shipswithwindows="yes">conime.exe</file>
  <file path="C:\Windows\System32\consent.exe" type="exe" filesize="" patched="no" shipswithwindows="yes">consent.exe</file>
  <file path="C:\Windows\System32\cscript.exe" type="exe" filesize="" patched="no" shipswithwindows="yes">cscript.exe</file>
  <file path="C:\Windows\System32\ctfmon.exe" type="exe" filesize="" patched="no" shipswithwindows="yes">ctfmon.exe</file>
  <file path="C:\Windows\System32\DeviceProperties.exe" type="exe" filesize="" patched="no" shipswithwindows="yes">DeviceProperties.exe</file>
  <file path="C:\Windows\System32\dialer.exe" type="exe" filesize="" patched="no" shipswithwindows="yes">dialer.exe</file>
  <file path="C:\Windows\System32\DFDWiz.exe" type="exe" filesize="" patched="no" shipswithwindows="yes">DFDWiz.exe</file>
  <file path="C:\Windows\System32\dvdplay.exe" type="exe" filesize="" patched="no" shipswithwindows="yes">dvdplay.exe</file>
  <file path="C:\Windows\System32\dxdiag.exe" type="exe" filesize="" patched="no" shipswithwindows="yes">dxdiag.exe</file>
  <file path="C:\Windows\System32\eudcedit.exe" type="exe" filesize="" patched="no" shipswithwindows="yes">eudcedit.exe</file>
  <file path="C:\Windows\explorer.exe" type="exe" filesize="" patched="no" shipswithwindows="yes">explorer.exe</file>
  <file path="C:\Windows\System32\grpconv.exe" type="exe" filesize="" patched="no" shipswithwindows="yes">grpconv.exe</file>
  <file path="C:\Windows\hh.exe" type="exe" filesize="" patched="no" shipswithwindows="yes">hh.exe</file>
  <file path="C:\Windows\System32\irftp.exe" type="exe" filesize="" patched="no" shipswithwindows="yes">irftp.exe</file>
  <file path="C:\Windows\System32\mblctr.exe" type="exe" filesize="" patched="no" shipswithwindows="yes">mblctr.exe</file>
  <file path="C:\Windows\System32\mshta.exe" type="exe" filesize="" patched="no" shipswithwindows="yes">mshta.exe</file>
  <file path="C:\Windows\System32\msiexec.exe" type="exe" filesize="" patched="no" shipswithwindows="yes">msiexec.exe</file>
  <file path="C:\Windows\System32\mspaint.exe" type="exe" filesize="" patched="no" shipswithwindows="yes">mspaint.exe</file>
  <file path="C:\Windows\System32\mstsc.exe" type="exe" filesize="" patched="no" shipswithwindows="yes">mstsc.exe</file>
  <file path="C:\Windows\System32\nslookup.exe" type="exe" filesize="" patched="no" shipswithwindows="yes">nslookup.exe</file>
  <file path="C:\Windows\System32\osk.exe" type="exe" filesize="" patched="no" shipswithwindows="yes">osk.exe</file>
  <file path="C:\Windows\regedit.exe" type="exe" filesize="" patched="no" shipswithwindows="yes">regedit.exe</file>
  <file path="C:\Windows\System32\rundll32.exe" type="exe" filesize="" patched="no" shipswithwindows="yes">rundll32.exe</file>
  <file path="C:\Windows\System32\runonce.exe" type="exe" filesize="" patched="no" shipswithwindows="yes">runonce.exe</file>
  <file path="C:\Windows\System32\sigverif.exe" type="exe" filesize="" patched="no" shipswithwindows="yes">sigverif.exe</file>
  <file path="C:\Windows\System32\taskmgr.exe" type="exe" filesize="" patched="no" shipswithwindows="yes">taskmgr.exe</file>
  <file path="C:\Windows\System32\wiaacmgr.exe" type="exe" filesize="" patched="no" shipswithwindows="yes">wiaacmgr.exe</file>
  <file path="C:\Windows\winhlp32.exe" type="exe" filesize="" patched="no" shipswithwindows="yes">winhlp32.exe</file>
  <file path="C:\Windows\System32\wlrmdr.exe" type="exe" filesize="" patched="no" shipswithwindows="yes">wlrmdr.exe</file>
  <file path="C:\Windows\System32\write.exe" type="exe" filesize="" patched="no" shipswithwindows="yes">write.exe</file>
  <file path="C:\Windows\System32\wscript.exe" type="exe" filesize="" patched="no" shipswithwindows="yes">wscript.exe</file>
  <file path="C:\Windows\System32\appwiz.cpl" type="cpl" filesize="" patched="no" shipswithwindows="yes">appwiz.cpl</file>
  <file path="C:\Windows\System32\bthprops.cpl" type="cpl" filesize="" patched="no" shipswithwindows="yes">bthprops.cpl</file>
  <file path="C:\Windows\System32\desk.cpl" type="cpl" filesize="" patched="no" shipswithwindows="yes">desk.cpl</file>
  <file path="C:\Windows\System32\hdwwiz.cpl" type="cpl" filesize="" patched="no" shipswithwindows="yes">hdwwiz.cpl</file>
  <file path="C:\Windows\System32\irprops.cpl" type="cpl" filesize="" patched="no" shipswithwindows="yes">irprops.cpl</file>
  <file path="C:\Windows\System32\main.cpl" type="cpl" filesize="" patched="no" shipswithwindows="yes">main.cpl</file>
  <file path="C:\Windows\System32\powercfg.cpl" type="cpl" filesize="" patched="no" shipswithwindows="yes">powercfg.cpl</file>
  <file path="C:\Windows\System32\sysdm.cpl" type="cpl" filesize="" patched="no" shipswithwindows="yes">sysdm.cpl</file>
  <file path="C:\Windows\System32\Aurora.scr" type="exe" filesize="" patched="no" shipswithwindows="yes">Aurora.scr</file>
  <file path="C:\Windows\System32\Bubbles.scr" type="exe" filesize="" patched="no" shipswithwindows="yes">Bubbles.scr</file>
  <file path="C:\Windows\System32\Mystify.scr" type="exe" filesize="" patched="no" shipswithwindows="yes">Mystify.scr</file>
  <file path="C:\Windows\System32\Ribbons.scr" type="exe" filesize="" patched="no" shipswithwindows="yes">Ribbons.scr</file>
  <file path="C:\Windows\System32\ssBranded.scr" type="exe" filesize="" patched="no" shipswithwindows="yes">ssBranded.scr</file>
  <file path="C:\Windows\System32\ssText3d.scr" type="exe" filesize="" patched="no" shipswithwindows="yes">ssText3d.scr</file>
</files>